date,trade_id,position_value,daily_pnl,in_dark_zone
2016-02-11,1,3.0658180397828346e+177,0.0,False
2016-02-12,1,2.6282428990443373e+177,-4.375751407384973e+176,False
2016-02-16,1,2.3102281333469237e+177,-3.180147656974136e+176,False
2016-02-17,1,2.0710004870498864e+177,-2.3922764629703727e+176,False
2016-02-18,1,2.07105096581802e+177,5.047876813351546e+172,False
2016-02-19,1,1.8753826910964412e+177,-1.9566827472157876e+176,False
2016-02-22,1,3.5385216837731525e+178,3.350983414663508e+178,True
2016-02-23,1,3.541840199474676e+178,3.318515701523784e+175,True
2016-02-24,1,3.541300551253482e+178,-5.3964822119444e+174,True
2016-02-25,1,3.540092178375499e+178,-1.2083728779824704e+175,True
2016-02-26,1,3.54073634876559e+178,6.441703900904666e+174,True
2016-02-29,1,3.544083233033715e+178,3.346884268125358e+175,True
2016-03-01,1,3.538873895306503e+178,-5.2093377272123685e+175,True
2016-03-02,1,3.5393241409195765e+178,4.5024561307368224e+174,True
2016-03-03,1,3.541517101912593e+178,2.1929609930166308e+175,True
2016-03-04,1,3.542389569511075e+178,8.724675984819555e+174,True
2016-03-07,1,3.548009141769748e+178,5.6195722586732565e+175,True
2016-03-08,1,3.548789689086403e+178,7.805473166548198e+174,True
2016-03-09,1,3.5462138986054276e+178,-2.575790480975559e+175,True
2016-03-10,1,3.544632741098416e+178,-1.581157507011579e+175,True
2016-03-11,1,3.541322102823611e+178,-3.310638274804732e+175,True
2016-04-25,2,4.191051211165713e+280,0.0,False
2016-04-26,2,4.11485028005361e+280,-7.620093111210333e+278,True
2016-04-27,2,4.470454625243427e+280,3.5560434518981743e+279,True
2016-04-28,2,4.31805276301922e+280,-1.5240186222420747e+279,True
2016-04-29,2,9.374059720161201e+281,8.942254443859279e+281,True
2016-05-02,2,9.369063965497537e+281,-4.99575466366417e+278,True
2016-05-03,2,9.363520123320082e+281,-5.543842177455092e+278,True
2016-05-04,2,9.344792218288051e+281,-1.8727905032030847e+279,True
2016-05-05,2,9.358058083647866e+281,1.3265865359814707e+279,True
2016-05-06,2,9.366476688505066e+281,8.418604857199931e+278,True
2016-05-09,2,9.363035161734685e+281,-3.44152677038071e+278,True
2016-05-10,2,9.350706651564856e+281,-1.23285101698288e+279,True
2016-05-11,2,9.350400987653109e+281,-3.05663911747843e+277,True
2016-05-12,2,9.323530325157841e+281,-2.687066249526712e+279,True
2016-05-13,2,9.33253173226687e+281,9.001407109027946e+278,True
2016-05-16,2,9.32288938884029e+281,-9.642343426579437e+278,True
2016-05-17,2,9.357292785172297e+281,3.4403396332007313e+279,True
2016-05-18,2,9.392858317814097e+281,3.556553264180009e+279,True
2016-05-19,2,9.386737303422207e+281,-6.12101439189039e+278,True
2016-05-20,2,9.370338673783216e+281,-1.6398629638991393e+279,True
2016-08-22,3,3.2342580070700243e+207,0.0,False
2016-08-23,3,3.220406795048311e+207,-1.385121202171328e+205,True
2016-08-24,3,3.248109219091737e+207,2.770242404342599e+205,True
2016-08-25,3,3.407398157341439e+207,1.5928893824970186e+206,True
2016-08-26,3,3.268886037124308e+207,-1.3851212021713109e+206,True
2016-08-29,3,2.881052100516339e+207,-3.87833936607969e+206,True
2016-08-30,3,2.8949033125380515e+207,1.385121202171271e+205,True
2016-08-31,3,2.860275282483769e+207,-3.4628030054282344e+205,True
2016-09-01,3,2.867200888494625e+207,6.925606010855784e+204,True
2016-09-02,3,2.73561437428835e+207,-1.3158651420627473e+206,True
2016-09-06,3,7.238186367962554e+208,6.964624930533719e+208,True
2016-09-07,3,7.276155356965003e+208,3.7968989002449476e+206,True
2016-09-08,3,7.28638524710079e+208,1.022989013578664e+206,True
2016-09-09,3,7.347405199197046e+208,6.101995209625655e+206,True
2016-09-12,3,7.287066104499436e+208,-6.0339094697610476e+206,True
2016-09-13,3,7.307064692123445e+208,1.9998587624008693e+206,True
2016-09-14,3,7.305965676107933e+208,-1.0990160155114682e+205,True
2016-09-15,3,7.272830232127973e+208,-3.3135443979959756e+206,True
2016-09-16,3,7.255712307762642e+208,-1.7117924365331356e+206,True
2016-10-31,4,1.6709327895125247e+172,0.0,False
2016-11-01,4,1.705456194254519e+172,3.452340474199442e+170,True
2016-11-02,4,1.4568876801121613e+172,-2.485685141423579e+171,True
2016-11-03,4,1.422364275370167e+172,-3.452340474199425e+170,False
2016-11-04,4,1.4637923610605603e+172,4.142808569039324e+170,False
2016-11-07,4,1.3326034230409816e+172,-1.311889380195787e+171,False
2016-11-08,4,1.360222146834577e+172,2.7618723793595434e+170,False
2016-11-09,4,1.1945098040730039e+172,-1.6571234276157312e+171,False
2016-11-10,4,1.2290332088149986e+172,3.4523404741994765e+170,True
2016-11-11,4,1.3326034230409812e+172,1.0357021422598258e+171,True
2016-11-14,4,2.1684872101699657e+173,2.0352268678658676e+173,True
2016-11-15,4,2.165941106947632e+173,-2.546103222333664e+170,True
2016-11-16,4,2.1647646285668538e+173,-1.1764783807782789e+170,True
2016-11-17,4,2.165892318583391e+173,1.1276900165371698e+170,True
2016-11-18,4,2.164992078652535e+173,-9.002399308557937e+169,True
2016-11-21,4,2.1611658586514192e+173,-3.82622000111596e+170,True
2016-11-22,4,2.1567404873269253e+173,-4.425371324493824e+170,True
2016-11-23,4,2.1569659419581285e+173,2.254546312031137e+169,True
2016-11-25,4,2.1578946866202267e+173,9.287446620982426e+169,True
2016-11-28,4,2.1609921491927483e+173,3.097462572521582e+170,True
2016-11-29,4,2.1604320252127132e+173,-5.601239800351046e+169,True
2016-11-30,4,2.165987783127548e+173,5.555757914834942e+170,True
2017-02-10,5,3.3059631003839764e+307,0.0,False
2017-02-13,5,3.400067824224341e+307,9.41047238403647e+305,True
2017-02-14,5,3.518722078995709e+307,1.1865425477136778e+306,True
2017-02-15,5,3.6701085221276325e+307,1.5138644313192363e+306,False
2017-02-16,5,3.6046440892392246e+307,-6.546443288840794e+305,True
2017-02-17,5,3.30187036046601e+307,-3.027737287732146e+306,True
2017-02-21,5,inf,inf,True
2017-02-22,5,inf,,True
2017-02-23,5,inf,,True
2017-02-24,5,inf,,True
2017-02-27,5,inf,,True
2017-02-28,5,inf,,True
2017-03-01,5,inf,,True
2017-03-02,5,inf,,True
2017-03-03,5,inf,,True
2017-03-06,5,inf,,True
2017-03-07,5,inf,,True
2017-03-08,5,inf,,True
2017-03-09,5,inf,,True
2017-03-10,5,inf,,True
2017-07-31,6,7.769125190412703e+200,0.0,False
2017-08-01,6,7.519848446335291e+200,-2.4927674407741243e+199,False
2017-08-02,6,7.229025578244976e+200,-2.908228680903154e+199,False
2017-08-03,6,6.855110462128856e+200,-3.7391511611612e+199,False
2017-08-04,6,6.93820271015466e+200,8.30922480258046e+198,False
2017-08-07,6,6.605833718051442e+200,-3.323689921032184e+199,True
2017-08-08,6,6.979748834167562e+200,3.7391511611612e+199,True
2017-08-09,6,6.813564338115954e+200,-1.6618449605160784e+199,True
2017-08-10,6,7.104387206206268e+200,2.9082286809031405e+199,True
2017-08-11,6,7.229025578244974e+200,1.2463837203870622e+199,True
2017-08-14,6,7.215115598409015e+202,7.142825342626565e+202,True
2017-08-15,6,7.133923798552825e+202,-8.119179985618965e+200,True
2017-08-16,6,7.1189461017033905e+202,-1.497769684943484e+200,True
2017-08-17,6,6.98993080459313e+202,-1.2901529711026083e+201,True
2017-08-18,6,6.916095823121401e+202,-7.383498147172877e+200,True
2017-08-21,6,6.893241332488921e+202,-2.2854490632479743e+200,True
2017-08-22,6,6.933447594169932e+202,4.020626168101066e+200,True
2017-08-23,6,6.855931141752749e+202,-7.751645241718322e+200,True
2017-08-24,6,6.8225618515335505e+202,-3.3369290219198065e+200,True
2017-08-25,6,6.892197577784706e+202,6.963572625115584e+200,True
2017-08-28,6,6.884056875140337e+202,-8.14070264436902e+199,True
2017-08-29,6,6.8727588023908795e+202,-1.129807274945785e+200,True
2017-08-30,6,6.8136391663052295e+202,-5.9119636085650066e+200,True
2017-11-09,7,7.651379395984093e+166,0.0,False
2017-11-10,7,7.409939553220542e+166,-2.414398427635514e+165,True
2017-11-13,7,7.140739949615658e+166,-2.691996036048842e+165,True
2017-11-14,7,7.129479227498916e+166,-1.1260722116742204e+164,True
2017-11-15,7,7.354254960190283e+166,2.2477573269136703e+165,True
2017-11-16,7,6.452779128803249e+166,-9.014758313870339e+165,True
2017-11-17,7,6.14684940718805e+166,-3.059297216151982e+165,True
2017-11-20,7,1.4482766378799647e+168,1.3868081438080841e+168,True
2017-11-21,7,1.440590989274042e+168,-7.685648605922694e+165,True
2017-11-22,7,1.4362635325749675e+168,-4.327456699074495e+165,True
2017-11-24,7,1.4367011838816576e+168,4.376513066901313e+164,True
2017-11-27,7,1.4395995589931565e+168,2.8983751114988834e+165,True
2017-11-28,7,1.4423821999847595e+168,2.7826409916029598e+165,True
2017-11-29,7,1.4516145278914943e+168,9.23232790673485e+165,True
2017-11-30,7,1.4459101679326625e+168,-5.7043599588318086e+165,True
2017-12-01,7,1.4481459582359504e+168,2.2357903032878687e+165,True
2017-12-04,7,1.45197349981503e+168,3.827541579079702e+165,True
2017-12-05,7,1.4526055070724654e+168,6.320072574352889e+164,True
2017-12-06,7,1.4544140837411717e+168,1.808576668706348e+165,True
2017-12-07,7,1.4538691934540653e+168,-5.448902871063865e+164,True
2017-12-08,7,1.453972816297925e+168,1.0362284385956931e+164,True
2018-02-05,8,4.5936135368704715e+252,0.0,False
2018-02-06,8,4.434257411157016e+252,-1.5935612571345524e+251,True
2018-02-07,8,4.184830431779434e+252,-2.4942697937758244e+251,True
2018-02-08,9,8.081322361051411e+222,0.0,False
2018-02-09,9,8.419966923634572e+222,3.3864456258316034e+221,True
2018-05-08,10,2.302363099238502e+223,0.0,False
2018-05-09,10,2.348044906763075e+223,4.5681807524572984e+221,False
2018-05-10,10,2.2292722071991843e+223,-1.1877269956389074e+222,False
2018-05-11,10,2.1744540381696958e+223,-5.4818169029488506e+221,False
2018-05-14,10,2.028272254091061e+223,-1.4618178407863473e+222,False
2018-05-15,10,2.1013631461303786e+223,7.30908920393175e+221,False
2018-05-16,10,2.0374086155959759e+223,-6.395453053440274e+221,False
2018-05-17,10,1.936908639041914e+223,-1.0049997655406175e+222,True
2018-05-18,10,1.8729541085075114e+223,-6.395453053440274e+221,True
2018-05-21,10,1.7541814089436204e+223,-1.18772699563891e+222,True
2018-05-22,10,1.6902268784092176e+223,-6.395453053440274e+221,True
2018-05-23,10,1.7541814089436204e+223,6.395453053440274e+221,True
2018-05-24,10,1.5623178173404121e+223,-1.9186359160320823e+222,True
2018-05-25,10,4.633347200297045e+224,4.477115418563004e+224,True
2018-05-29,10,4.626555132417318e+224,-6.7920678797269355e+221,True
2018-05-30,10,4.615907924203285e+224,-1.0647208214033428e+222,True
2018-05-31,10,4.612641717831342e+224,-3.266206371942652e+221,True
2018-06-01,10,4.633511481688101e+224,2.0869763856759088e+222,True
2018-06-04,10,4.641615832829453e+224,8.104351141351953e+221,True
2018-06-05,10,4.6562328638969465e+224,1.4617031067493346e+222,True
2018-06-06,10,4.680510247314755e+224,2.4277383417808328e+222,True
2018-08-09,11,9.387490648770058e+277,0.0,False
2018-08-10,11,9.443501929490641e+277,5.601128072058301e+275,False
2018-08-13,11,9.465906441778875e+277,2.2404512288233518e+275,False
2018-08-14,11,9.18585003817595e+277,-2.800564036029245e+276,False
2018-08-15,11,9.667547052372981e+277,4.816970141970309e+276,False
2018-08-16,11,9.779569613814153e+277,1.1202256144117231e+276,False
2018-08-17,11,5.858779963373197e+277,-3.920789650440956e+277,False
2018-08-20,11,1.1238180327352265e+279,1.0652302331014945e+279,True
2018-08-21,11,1.1233528836158539e+279,-4.6514911937264525e+275,True
2018-08-22,11,1.1224423992418857e+279,-9.104843739681798e+275,True
2018-08-23,11,1.1221390346228245e+279,-3.033646190611622e+275,True
2018-08-24,11,1.121685016600222e+279,-4.5401802260253763e+275,True
2018-08-27,11,1.121703431654145e+279,1.841505392300675e+274,True
2018-08-28,11,1.1220138890315424e+279,3.1045737739736704e+275,True
2018-08-29,11,1.1216837823360373e+279,-3.3010669550503926e+275,True
2018-08-30,11,1.121901263767507e+279,2.174814314696192e+275,True
2018-08-31,11,1.121725260311301e+279,-1.7600345620599788e+275,True
2018-09-04,11,1.121959165836876e+279,2.339055255750949e+275,True
2018-09-05,11,1.1226866451573942e+279,7.274793205181555e+275,True
2018-09-06,11,1.1234606806204237e+279,7.740354630294582e+275,True
2018-09-07,11,1.1236982501438859e+279,2.3756952346222138e+275,False
2018-12-24,12,3.306581825855452e+139,0.0,False
2018-12-26,12,3.1643836395370663e+139,-1.421981863183856e+138,False
2019-02-14,13,5.314289051364641e+155,0.0,False
2019-02-15,13,5.149012119128706e+155,-1.6527693223593457e+154,False
2019-02-19,13,4.50061800042388e+155,-6.48394118704826e+154,True
2019-02-20,13,4.437049949570282e+155,-6.3568050853598166e+153,True
2019-02-21,13,4.195491356327858e+155,-2.4155859324242445e+154,True
2019-02-22,13,4.2336321868351216e+155,3.814083050726383e+153,True
2019-02-25,13,6.5190800260676536e+156,6.0957168073841416e+156,True
2019-02-26,13,6.527512119205683e+156,8.432093138029122e+153,True
2019-02-27,13,6.535755321391621e+156,8.243202185938106e+153,True
2019-02-28,13,6.528508381054945e+156,-7.24694033667573e+153,True
2019-03-01,13,6.534862973800797e+156,6.3545927458518255e+153,True
2019-03-04,13,6.533000411109725e+156,-1.862562691071564e+153,True
2019-03-05,13,6.52942719598654e+156,-3.573215123185431e+153,True
2019-03-06,13,6.542183995284636e+156,1.2756799298095779e+154,True
2019-03-07,13,6.555318464078112e+156,1.3134468793476496e+154,True
2019-03-08,13,6.5589659439395035e+156,3.647479861391334e+153,True
2019-03-11,13,6.551375690272075e+156,-7.590253667428352e+153,True
2019-03-12,13,6.5510567588493766e+156,-3.189314226985844e+152,True
2019-03-13,13,6.548618014437694e+156,-2.4387444116822644e+153,True
2019-03-14,13,6.555813280442513e+156,7.195266004818991e+153,True
2019-03-15,13,6.510325866229492e+156,-4.548741421302163e+154,False
2019-05-01,14,5.004694092325653e+293,0.0,False
2019-05-02,14,5.108035858243881e+293,1.0334176591822812e+292,False
2019-05-03,14,4.945641654658093e+293,-1.6239420358578765e+292,False
2019-05-06,14,4.975167873491874e+293,2.9526218833780475e+291,False
2019-05-07,14,5.491876703083018e+293,5.167088295911441e+292,False
2019-05-08,14,5.4623504842492375e+293,-2.9526218833780475e+291,False
2019-05-09,14,5.3147193900803394e+293,-1.4763109416889812e+292,False
2019-05-10,14,4.709431903987856e+293,-6.052874860924834e+292,False
2019-05-13,14,8.706009699000827e+294,8.235066508602041e+294,True
2019-05-14,14,8.685975037019778e+294,-2.0034661981048723e+292,True
2019-05-15,14,8.681309483829479e+294,-4.6655531902989026e+291,True
2019-05-16,14,8.699882353901302e+294,1.8572870071822244e+292,True
2019-05-17,14,8.719242056605053e+294,1.9359702703751527e+292,True
2019-05-20,14,8.765272652879073e+294,4.6030596274019905e+292,True
2019-05-21,14,8.759698218464338e+294,-5.574434414734522e+291,True
2019-05-22,14,8.77588653848754e+294,1.6188320023201538e+292,True
2019-05-23,14,8.799501553791741e+294,2.3615015304200795e+292,True
2019-05-24,14,8.810870344319534e+294,1.1368790527793484e+292,True
2019-05-28,14,8.819117035910968e+294,8.246691591433846e+291,True
2019-05-29,14,8.821167015873361e+294,2.049979962393258e+291,True
2019-05-30,14,8.816183960388282e+294,-4.983055485079128e+291,True
2019-05-31,14,8.829594788935663e+294,1.3410828547380342e+292,False
2019-08-01,15,3.7242894919210087e+174,0.0,False
2019-08-02,15,3.761579166676094e+174,3.728967475508516e+172,False
2019-08-05,15,4.00308939747035e+174,2.4151023079425637e+173,False
2019-08-06,15,3.6558701088365576e+174,-3.472192886337926e+173,False
2019-08-07,15,3.641198954050376e+174,-1.467115478618166e+172,False
2019-08-08,15,3.2640735326664825e+174,-3.7712542138389345e+173,False
2019-08-09,15,3.3700165374829944e+174,1.0594300481651193e+173,False
2019-08-12,15,4.6368226855687406e+175,4.299821031820441e+175,True
2019-08-13,15,4.626959024059822e+175,-9.863661508918516e+172,True
2019-08-14,15,4.643248368145961e+175,1.6289344086138565e+173,True
2019-08-15,15,4.647618107023116e+175,4.3697388771555064e+172,True
2019-08-16,15,4.64063442115923e+175,-6.98368586388598e+172,True
2019-08-19,15,4.6350057273435826e+175,-5.6286938156475444e+172,True
2019-11-12,16,9.038243360816614e+203,0.0,False
2019-11-13,16,9.336338458458621e+203,2.9809509764200774e+202,True
2019-11-14,16,9.32441465454463e+203,-1.1923803913991949e+201,False
2019-11-15,16,6.808492030429443e+203,-2.5159226241151862e+203,False
2019-11-18,16,6.558092148408493e+203,-2.5039988202095024e+202,True
2019-11-19,16,6.403082697644623e+203,-1.5500945076387031e+202,True
2019-11-20,16,6.796568226559506e+203,3.934855289148838e+202,True
2019-11-21,16,6.77272061874482e+203,-2.384760781468699e+201,True
2019-11-22,16,6.224225639044455e+203,-5.4849497970036476e+202,True
2019-11-25,16,9.731712424803026e+204,9.10928986089858e+204,True
2019-11-26,16,9.737932460566012e+204,6.220035762986074e+201,True
2019-11-27,16,9.737504890137182e+204,-4.275704288299621e+200,True
2019-11-29,16,9.741748515536555e+204,4.2436253993731757e+201,True
2019-12-02,16,9.754327735952215e+204,1.257922041565991e+202,True
2019-12-03,16,9.757446073880063e+204,3.1183379278483426e+201,True
2019-12-04,16,9.756592797834762e+204,-8.53276045301372e+200,True
2019-12-05,16,9.758632496291962e+204,2.039698457199977e+201,True
2019-12-06,16,9.755799600026291e+204,-2.83289626567076e+201,True
2019-12-09,16,9.759501635112151e+204,3.7020350858601533e+201,True
2019-12-10,16,9.758589981173439e+204,-9.116539387124017e+200,True
2019-12-11,16,9.755840675109384e+204,-2.7493060640544233e+201,True
2020-02-27,17,1.7285952222243713e+158,0.0,False
2020-02-28,17,1.9114026036560986e+158,1.8280738143172733e+157,False
2020-03-02,17,1.4211372497818543e+158,-4.902653538742444e+157,True
2020-05-06,18,1.2908907240547853e+284,0.0,False
2020-05-07,18,1.2367832319738652e+284,-5.410749208092011e+282,False
2020-05-08,18,1.107720976380528e+284,-1.290622555933371e+283,False
2020-05-11,18,1.1022730734063794e+284,-5.447902974148634e+281,False
2020-05-12,18,1.1400427833686512e+284,3.7769709962271735e+282,False
2020-05-13,18,1.2164202108172417e+284,7.63774274485905e+282,False
2020-05-14,18,1.178825897778608e+284,-3.759431303863359e+282,False
2020-05-15,18,1.0503258466484274e+284,-1.2850005113018064e+283,False
2020-05-18,18,1.864713245456463e+285,1.7596806607916201e+285,True
2020-05-19,18,1.8657342155996573e+285,1.0209701431944402e+282,True
2020-05-20,18,1.8634665329075528e+285,-2.2676826921045754e+282,True
2020-05-21,18,1.8638859780824826e+285,4.194451749298062e+281,True
2020-05-22,18,1.8636569716726892e+285,-2.290064097933166e+281,True
2020-05-26,18,1.864041885247106e+285,3.849135744167998e+281,True
2020-05-27,18,1.864359494406228e+285,3.176091591220544e+281,True
2020-05-28,18,1.8647476817530833e+285,3.8818734685524276e+281,True
2020-05-29,18,1.8638915795094607e+285,-8.56102243622602e+281,True
2020-06-01,18,1.864518831180609e+285,6.272516711482923e+281,True
2020-06-02,18,1.8642237265585626e+285,-2.951046220464733e+281,True
2020-06-03,18,1.8646872146974714e+285,4.6348813890881006e+281,True
2020-06-04,18,1.8667322407425575e+285,2.0450260450861708e+282,True
2020-06-05,18,1.8651146742959566e+285,-1.6175664466009286e+282,False
2020-08-11,19,3.5913555280180133e+291,0.0,False
2020-08-12,19,3.2581364648361854e+291,-3.332190631818279e+290,False
2020-08-13,19,3.3747629944854527e+291,1.1662652964926723e+290,False
2020-08-14,19,3.148914624478805e+291,-2.2584837000664743e+290,False
2020-08-17,19,2.945282434172625e+291,-2.036321903061801e+290,False
2020-08-18,19,2.9193647646124435e+291,-2.5917669560181647e+289,False
2020-08-19,19,2.991561918232325e+291,7.219715361988139e+289,False
2020-08-20,19,2.9749004873985745e+291,-1.6661430833750355e+289,True
2020-08-21,19,3.02488410947925e+291,4.998362208067576e+289,True
2020-08-24,19,5.194478137556737e+292,4.8919897266088125e+292,True
2020-08-25,19,5.191480822152166e+292,-2.997315404571562e+289,True
2020-08-26,19,5.184053815847319e+292,-7.427006304846981e+289,True
2020-08-27,19,5.188042639263691e+292,3.988823416372515e+289,True
2020-08-28,19,5.18686952916999e+292,-1.17311009370094e+289,True
2020-08-31,19,5.19077722922211e+292,3.907700052119487e+289,True
2020-09-01,19,5.186585812549949e+292,-4.191416672161046e+289,True
2020-09-02,19,5.174863540783495e+292,-1.1722271766453866e+290,True
2020-09-03,19,5.191402722530387e+292,1.6539181746892174e+290,True
2020-09-04,19,5.2014019084857555e+292,9.999185955368384e+289,True
2020-09-08,19,5.2148741562185195e+292,1.3472247732763959e+290,True
2020-09-09,19,5.21104310839715e+292,-3.831047821369151e+289,True
2020-10-28,20,1.6011061117003938e+119,0.0,False
2020-10-29,20,1.53016889052129e+119,-7.09372211791038e+117,False
2020-10-30,20,1.4500496059842195e+119,-8.011928453707052e+117,False
2020-11-02,20,1.3258180013884821e+119,-1.2423160459573738e+118,True
2020-11-03,20,1.2508478453370598e+119,-7.497015605142233e+117,True
2020-11-04,20,1.1050854092281422e+119,-1.457624361089176e+118,True
2020-11-05,20,1.0671959879540513e+119,-3.788942127409091e+117,True
2020-11-06,20,8.929349864572409e+118,-1.742610014968104e+118,True
2020-11-09,20,1.4812000250708043e+120,1.39190652642508e+120,True
2020-11-10,20,1.4826053161333e+120,1.405291062495775e+117,True
2020-11-11,20,1.4823089989419844e+120,-2.9631719131566723e+116,True
2020-11-12,20,1.4827266111105483e+120,4.176121685639111e+116,True
2020-11-13,20,1.481416532475261e+120,-1.3100786352873338e+117,True
2020-11-16,20,1.4819044138748865e+120,4.878813996255888e+116,True
2020-11-17,20,1.4827299819758076e+120,8.255681009210376e+116,True
2020-11-18,20,1.4840024838168186e+120,1.2725018410110125e+117,True
2020-11-19,20,1.48327980419813e+120,-7.226796186885184e+116,True
2020-11-20,20,1.4846088107119192e+120,1.329006513789161e+117,True
2021-01-29,21,2.534115070053064e+161,0.0,False
2021-02-01,21,2.296868537130882e+161,-2.372465329221822e+160,True
2021-02-02,21,2.103854356926053e+161,-1.9301418020482882e+160,True
2021-04-30,22,6.680154116463336e+247,0.0,False
2021-05-03,22,6.289696925598375e+247,-3.904571908649603e+246,True
2021-05-04,22,6.447406772937528e+247,1.5770984733915283e+246,True
2021-05-05,22,6.295583809423688e+247,-1.5182296351383985e+246,True
2021-05-06,22,6.123139581460004e+247,-1.7244422796368481e+246,True
2021-05-07,22,5.95385105119365e+247,-1.6928853026635382e+246,True
2021-05-10,22,9.160068785308374e+248,8.564683680189009e+248,True
2021-05-11,22,9.156450159046975e+248,-3.6186262613984344e+245,True
2021-05-12,22,9.181532008689103e+248,2.508184964212796e+246,True
2021-05-13,22,9.173907977303044e+248,-7.624031386058898e+245,True
2021-05-14,22,9.158692365519547e+248,-1.5215611783496978e+246,True
2021-05-17,22,9.164736351820056e+248,6.043986300508523e+245,True
2021-05-18,22,9.174033621281422e+248,9.29726946136634e+245,True
2021-05-19,22,9.165751401505708e+248,-8.282219775714299e+245,True
2021-05-20,22,9.148144626288674e+248,-1.7606775217034148e+246,True
2021-05-21,22,9.151190126700138e+248,3.0455004114639834e+245,True
2021-07-19,23,4.372801282677872e+292,0.0,False
2021-07-20,23,4.017458937367433e+292,-3.5534234531043973e+291,False
2021-07-21,23,3.901050258405951e+292,-1.1640867896148144e+291,False
2021-07-22,23,3.8640578316688347e+292,-3.699242673711647e+290,False
2021-07-23,23,4.032121320059946e+292,1.6806348839111097e+291,False
2021-08-02,24,1.0684779049336622e+233,0.0,False
2021-08-03,24,1.0345878568476606e+233,-3.3890048086001564e+231,False
2021-08-04,24,1.0261153448261601e+233,-8.472512021500501e+230,False
2021-08-05,24,9.969322478632144e+232,-2.918309696294573e+231,False
2021-08-06,24,9.310349321404335e+232,-6.58973157227809e+231,False
2021-08-09,24,8.952621036052094e+232,-3.577282853522412e+231,False
2021-08-10,24,8.764342991129863e+232,-1.8827804492223116e+231,False
2021-08-11,24,8.340717390054843e+232,-4.2362560107501955e+231,False
2021-08-12,24,8.199508856363169e+232,-1.4120853369167392e+231,True
2021-08-13,24,7.794711059780373e+232,-4.047977965827962e+231,True
2021-08-16,24,1.7399391331423395e+234,1.661992022544536e+234,True
2021-08-17,24,1.7398049183333657e+234,-1.3421480897384538e+230,True
2021-08-18,24,1.738928908363855e+234,-8.760099695106287e+230,True
2021-08-19,24,1.7309435613623348e+234,-7.985347001520249e+231,True
2021-08-20,24,1.729988533799194e+234,-9.550275631406548e+230,True
2021-08-23,24,1.7282759027584756e+234,-1.7126310407186015e+231,True
2021-08-24,24,1.728484558477165e+234,2.0865571868959742e+230,True
2021-08-25,24,1.7309186886331303e+234,2.434130155965161e+231,True
2021-08-26,24,1.730201066980897e+234,-7.17621652233376e+230,True
2021-08-27,24,1.7271262500866575e+234,-3.0748168942394507e+231,True
2021-08-30,24,1.725109222107173e+234,-2.0170279794845575e+231,True
2021-08-31,24,1.7242147773982475e+234,-8.944447089254346e+230,True
2021-09-01,24,1.719603741022354e+234,-4.61103637589361e+231,True
2021-11-22,25,6.00863399386431e+296,0.0,False
2021-11-23,25,6.231200096528839e+296,2.2256610266452885e+295,False
2021-11-24,25,5.950714744925296e+296,-2.8048535160354295e+295,False
2021-11-26,25,6.237057099230537e+296,2.8634235430524125e+295,False
2021-11-29,25,5.257636091891018e+296,-9.79421007339519e+295,True
2021-11-30,25,5.4899638657250435e+296,2.323277738340253e+295,True
2021-12-01,25,5.520550435389466e+296,3.058656966442276e+294,True
2021-12-02,25,5.22965263453846e+296,-2.908978008510061e+295,True
2021-12-03,25,8.8679749752934e+297,8.345009711839554e+297,True
2021-12-06,25,8.866527489387748e+297,-1.447485905652465e+294,True
2021-12-07,25,8.855191150956665e+297,-1.1336338431082567e+295,True
2021-12-08,25,8.856356415270505e+297,1.1652643138396747e+294,True
2021-12-09,25,8.862677283196737e+297,6.32086792623165e+294,True
2021-12-10,25,8.868925405898772e+297,6.248122702034995e+294,True
2021-12-13,25,8.879256068014458e+297,1.033066211568604e+295,True
2021-12-14,25,8.881644337295024e+297,2.3882692805663145e+294,True
2021-12-15,25,8.871799439115256e+297,-9.844898179767966e+294,True
2021-12-16,25,8.884517147484449e+297,1.2717708369193088e+295,True
2021-12-17,25,8.88268229851695e+297,-1.8348489674988158e+294,True
2022-07-27,26,5.910892989986907e+152,0.0,False
2022-07-28,26,5.648009609030616e+152,-2.6288338095629017e+151,False
2022-07-29,26,5.170039825473724e+152,-4.7796978355689274e+151,False
2022-08-01,26,5.10631052099947e+152,-6.3729304474253544e+150,True
2022-08-02,26,5.265633782185102e+152,1.5932326118563153e+151,True
2022-08-03,26,4.939021096754558e+152,-3.266126854305437e+151,True
2022-08-04,26,4.811562487806053e+152,-1.2745860894850523e+151,True
2022-08-05,26,4.540712943790481e+152,-2.7084954401557175e+151,True
2022-08-08,26,7.611132289568725e+153,7.157060995189677e+153,True
2022-08-09,26,7.631172668010279e+153,2.004037844155427e+151,True
2022-08-10,26,7.605926043205294e+153,-2.5246624804985098e+151,True
2022-08-11,26,7.614398444253886e+153,8.472401048591621e+150,True
2022-08-12,26,7.59633172354883e+153,-1.8066720705055504e+151,True
2022-08-15,26,7.598360658845806e+153,2.0289352969753143e+150,True
2022-08-16,26,7.610311482158763e+153,1.1950823312957061e+151,True
2022-08-17,26,7.630845300950337e+153,2.0533818791574434e+151,True
2022-08-18,26,7.602241346623032e+153,-2.860395432730463e+151,True
2022-08-19,26,7.618237810959178e+153,1.5996464336145368e+151,True
2023-01-31,27,8.015834302854099e+146,0.0,False
2023-02-01,27,7.96829080165093e+146,-4.754350120316908e+144,False
2023-02-02,27,7.96829080165093e+146,0.0,False
2023-02-03,27,7.787625497078893e+146,-1.8066530457203682e+145,False
2023-02-06,27,7.654503693710023e+146,-1.331218033688704e+145,False
2023-02-07,27,7.007912077346941e+146,-6.465916163630819e+145,False
2023-02-08,27,7.464329688897352e+146,4.564176115504109e+145,False
2023-02-09,27,7.654503693710023e+146,1.90174004812671e+145,False
2023-02-10,27,7.445312288416085e+146,-2.0919140529393755e+145,False
2023-02-13,27,1.0106402523614548e+148,9.36187129477294e+147,True
2023-02-14,27,1.0105627024415756e+148,-7.754991987924589e+143,True
2023-02-15,27,1.0097261028961259e+148,-8.365995454496422e+144,True
2023-02-16,27,1.0111594802517653e+148,1.4333773556394117e+145,True
2023-02-17,27,1.0121943234725263e+148,1.0348432207609441e+145,True
2023-02-21,27,1.0152921259541033e+148,3.097802481576972e+145,True
2023-02-22,27,1.0164031329195657e+148,1.11100696546242e+145,True
2023-02-23,27,1.0151590502399047e+148,-1.2440826796609246e+145,True
2023-02-24,27,1.0163932810057708e+148,1.2342307658660404e+145,True
2023-02-27,27,1.0154130667992324e+148,-9.802142065383813e+144,True
2023-02-28,27,1.0139498654673404e+148,-1.463201331892036e+145,True
2023-03-01,27,1.0142185846677767e+148,2.687192004363765e+144,True
2023-03-02,27,1.0134366136046099e+148,-7.81971063166839e+144,True
2023-03-03,27,1.0073955587743172e+148,-6.041054830292689e+145,False
2023-08-04,28,3.5747312304509084e+138,0.0,False
2023-08-07,28,3.385854585548168e+138,-1.888766449027401e+137,False
2023-08-08,28,3.378965816342147e+138,-6.88876920602132e+135,False
2023-08-09,28,3.3366497602297344e+138,-4.231605611241258e+136,False
2023-08-10,28,2.9794207032404665e+138,-3.5722905698926796e+137,False
2023-08-11,28,3.001840149903263e+138,2.2419446662796382e+136,False
2023-08-14,28,4.443633753291152e+139,4.1434497383008256e+139,True
2023-08-15,28,4.449520652060087e+139,5.886898768934627e+136,True
2023-08-16,28,4.459445024759733e+139,9.924372699646376e+136,True
2023-08-17,28,4.470728847282084e+139,1.1283822522350574e+137,True
2023-08-18,28,4.4687854987148976e+139,-1.9433485671861614e+136,True
2023-08-21,28,4.464228618307709e+139,-4.556880407188579e+136,True
2023-08-22,28,4.461768859356658e+139,-2.4597589510509983e+136,True
2023-08-23,28,4.4484241989046945e+139,-1.334466045196349e+137,True
2023-08-24,28,4.470821674960548e+139,2.239747605585362e+137,True
2023-08-25,28,4.462468148405543e+139,-8.353526555005243e+136,True
2023-08-28,28,4.461387325095964e+139,-1.0808233095790999e+136,True
2023-08-29,28,4.4491296555305517e+139,-1.2257669565412113e+137,True
2023-08-30,28,4.445718425596402e+139,-3.4112299341495583e+136,True
2023-08-31,28,4.446248524639588e+139,5.300990431859899e+135,True
2023-09-01,28,4.440366012778071e+139,-5.882511861517253e+136,False
2023-10-27,29,3.1462769541850276e+132,0.0,False
2023-10-30,29,3.016506271731268e+132,-1.2977068245375947e+131,True
2023-10-31,29,2.8946807331012084e+132,-1.2182553863005973e+131,True
2023-11-01,29,2.420620484953801e+132,-4.740602481474075e+131,True
2023-11-02,29,2.4682913478959984e+132,4.767086294219749e+130,True
2023-12-08,30,2.7142892743405296e+279,0.0,False
2023-12-11,30,2.6909906539599244e+279,-2.3298620380605162e+277,False
2023-12-12,30,2.568672896961746e+279,-1.2231775699817861e+278,True
2023-12-13,30,2.6618673784841675e+279,9.319448152242166e+277,False
2023-12-14,30,2.6007084999850784e+279,-6.1158878499089054e+277,False
2023-12-15,30,2.5104263460102324e+279,-9.028215397484601e+277,True
2023-12-18,30,4.7223903056202366e+280,4.4713476710192134e+280,True
2023-12-19,30,4.712674496707029e+280,-9.715808913207827e+277,True
2023-12-20,30,4.720025009397311e+280,7.350512690282295e+277,True
2023-12-21,30,4.717951288153654e+280,-2.073721243656686e+277,True
2023-12-22,30,4.724253521973312e+280,6.302233819657724e+277,True
2023-12-26,30,4.72170291775264e+280,-2.550604220671837e+277,True
2023-12-27,30,4.721656656644164e+280,-4.6261108476140775e+275,True
2023-12-28,30,4.7238005875669655e+280,2.1439309228013805e+277,True
2023-12-29,30,4.728682149542482e+280,4.8815619755164235e+277,True
2024-01-02,30,4.752705899165647e+280,2.4023749623165418e+278,True
2024-01-03,30,4.751308868465103e+280,-1.3970307005446941e+277,True
2024-01-04,30,4.746824902658865e+280,-4.4839658062376704e+277,True
2024-01-05,30,4.7481889583257464e+280,1.3640556668814897e+277,False
2024-03-15,31,5.377102983128831e+174,0.0,False
2024-03-18,31,5.183118888167854e+174,-1.939840949609767e+173,False
2024-03-19,31,4.978925103998405e+174,-2.0419378416944948e+173,True
2024-03-20,31,4.788344238773585e+174,-1.905808652248197e+173,True
2024-03-21,31,4.529698778825616e+174,-2.5864545994796863e+173,False
2024-03-22,31,4.373150210962372e+174,-1.5654856786324433e+173,False
2024-03-25,31,7.431317008571514e+175,6.994001987475277e+175,True
2024-04-15,32,2.1191171994832072e+284,0.0,False
2024-04-16,32,1.985987769058417e+284,-1.3312943042479017e+283,False
2024-04-17,32,1.9455433851318986e+284,-4.0444383926518384e+282,False
2024-04-18,32,1.987672951722022e+284,4.212956659012348e+282,False
2024-04-19,32,1.932061923823059e+284,-5.561102789896294e+282,False
2024-04-22,32,1.8549648169631333e+284,-7.709710685992588e+282,True
2024-04-23,32,1.7942982410733554e+284,-6.066657588977791e+282,True
2024-05-28,33,1.2723559599255494e+277,0.0,False
2024-05-29,33,1.3338224314195372e+277,6.146647149398789e+275,True
2024-05-30,33,1.3737756378906294e+277,3.9953206471092186e+275,False
2024-05-31,33,1.2539160184773529e+277,-1.1985961941327656e+276,False
2024-06-03,33,3.0926898729821174e+278,2.967298271134382e+278,True
2024-06-04,33,3.081247331263883e+278,-1.1442541718234598e+276,True
2024-06-05,33,3.076675936150905e+278,-4.5713951129776e+275,True
2024-06-06,33,3.0827579728009396e+278,6.082036650034388e+275,True
2024-06-07,33,3.083234782927079e+278,4.768101261392862e+274,True
2024-06-10,33,3.081741860370643e+278,-1.492922556436157e+275,True
2024-06-11,33,3.0780599731330514e+278,-3.6818872375912967e+275,True
2024-06-12,33,3.070234301302823e+278,-7.825671830228715e+275,True
2024-06-13,33,3.0715249305502336e+278,1.290629247410898e+275,True
2024-06-14,33,3.0664118019277017e+278,-5.113128622531948e+275,True
2024-06-17,33,3.050228584026938e+278,-1.6183217900763805e+276,True
2024-06-18,33,3.045356746930225e+278,-4.871837096712694e+275,True
2024-06-20,33,3.0531527203573585e+278,7.795973427133364e+275,True
2024-06-21,33,3.0506467460696954e+278,-2.5059742876631677e+275,True
2024-08-05,34,1.384063039747068e+98,0.0,False
2024-08-06,34,1.2030910360191214e+98,-1.809720037279465e+97,False
2024-08-07,34,1.206480024852978e+98,3.3889888338566894e+95,False
2024-08-08,34,1.1488672146774145e+98,-5.761281017556357e+96,False
2024-10-18,35,4.1820954009294267e+248,0.0,False
2024-10-21,35,4.1138497187993763e+248,-6.82456821300504e+246,False
2024-10-22,35,4.1629866099330123e+248,4.913689113363603e+246,False
2024-10-23,35,4.4195903747419977e+248,2.5660376480898545e+247,False
2024-10-24,35,2.743476421627985e+248,-1.6761139531140125e+248,False
2024-10-25,35,2.754395730768793e+248,1.0919309140807786e+246,False
2024-10-28,35,6.210293030542262e+249,5.9348534574653826e+249,True
2024-10-29,35,6.2188324121424226e+249,8.539381600160456e+246,True
2024-10-30,35,6.224634778062965e+249,5.802365920542509e+246,True
2024-10-31,35,6.2287556787502245e+249,4.12090068725939e+246,True
2024-11-01,35,6.2319594625242035e+249,3.20378377397901e+246,True
2024-11-04,35,6.230426388904188e+249,-1.5330736200156955e+246,True
2024-11-05,35,6.229510343936549e+249,-9.160449676385916e+245,True
2024-11-06,35,6.204189779146536e+249,-2.5320564790013036e+247,True
2024-11-07,35,6.212158621185224e+249,7.968842038687826e+246,True
2024-11-08,35,6.211817952782778e+249,-3.406684024463984e+245,True
2024-11-11,35,6.21034161111336e+249,-1.4763416694177627e+246,True
2024-11-12,35,6.208130547650967e+249,-2.2110634623928868e+246,True
2024-11-13,35,6.208248994135276e+249,1.1844648430940653e+245,True
2024-11-14,35,6.2143040497825135e+249,6.0550556472371155e+246,True
2024-11-15,35,6.2191398315998765e+249,4.835781817362994e+246,False
2025-02-24,36,6.659665324646962e+147,0.0,False
2025-02-25,36,6.669469763844088e+147,9.804439197126033e+144,False
2025-02-26,36,6.662116434446245e+147,-7.353329397843105e+144,False
2025-02-27,36,7.17684949229529e+147,5.147330578490457e+146,False
2025-02-28,36,6.534658724883622e+147,-6.421907674116685e+146,False
2025-03-03,36,6.909678524173643e+147,3.7501979929002106e+146,True
2025-03-04,36,6.858205218388738e+147,-5.147330578490457e+145,True
2025-03-05,36,6.492989858295843e+147,-3.6521536009289503e+146,True
2025-03-06,36,6.591034250267091e+147,9.804439197124755e+145,True
2025-03-07,36,6.260134427364131e+147,-3.308998229029603e+146,True
2025-03-10,36,8.884060868134201e+148,8.258047425397788e+148,True
2025-03-11,36,8.857396754337185e+148,-2.666411379701603e+146,True
2025-03-12,36,8.834497719492565e+148,-2.2899034844620624e+146,True
2025-03-13,36,8.864631085544524e+148,3.0133366051959797e+146,True
2025-03-14,36,8.838545859075251e+148,-2.608522646927351e+146,True
2025-03-17,36,8.810754697160457e+148,-2.7791161914793772e+146,True
2025-03-18,36,8.831603938471416e+148,2.084924131095858e+146,True
2025-03-19,36,8.803872388508265e+148,-2.7731549963151125e+146,True
2025-03-20,36,8.813554670386724e+148,9.682281878459087e+145,True
2025-03-21,36,8.805491089389701e+148,-8.06358099702262e+145,True
2025-06-09,37,4.028980086063193e+300,0.0,False
2025-06-10,37,2.9417949834747124e+299,-3.734800587715722e+300,False
2025-06-11,37,2.852262092673308e+299,-8.953289080140435e+297,False
2025-06-12,37,2.391807225694658e+299,-4.604548669786501e+298,False
2025-06-13,37,2.762729201871904e+299,3.7092197617724613e+298,False
2025-06-16,37,3.1080703521058916e+299,3.453411502339876e+298,False
2025-06-17,37,2.5325017683825782e+299,-5.755685837233134e+298,False
2025-06-18,37,3.1464415910207796e+299,6.139398226382014e+298,False
2025-06-20,37,2.276693508949995e+299,-8.697480820707846e+298,False
2025-06-23,37,2.4557592905528033e+299,1.7906578160280834e+298,True
2025-06-24,37,1.9697235976308947e+299,-4.860356929219087e+298,True
2025-06-25,37,1.9569331846592652e+299,-1.2790412971629459e+297,True
2025-06-26,37,1.8674002938578612e+299,-8.953289080140398e+297,True
2025-06-27,37,1.8418194679146023e+299,-2.5580825943258918e+297,True
2025-06-30,37,6.481440815624366e+301,6.46302262094522e+301,True
2025-07-01,37,6.480403805367437e+301,-1.0370102569294044e+298,True
2025-07-02,37,6.487296972305106e+301,6.893166937669148e+298,True
2025-07-03,37,6.477869665352244e+301,-9.42730695286154e+298,True
2025-07-07,37,6.4744398625373035e+301,-3.429802814940755e+298,True
2025-07-08,37,6.4805662303967e+301,6.1263678593962815e+298,True
2025-07-09,37,6.476613852219145e+301,-3.9523781775547e+298,True
2025-07-10,37,6.478494043910275e+301,1.880191691129943e+298,True
2025-07-11,37,6.48323934223923e+301,4.74529832895511e+298,True
